id,date,user,pc,activity
{X9U6-C5DZ44YB-2679MEAA},01/05/2010 11:45:35,AAF0535,PC-2408,Connect
{P3W1-F1BG76GJ-9248ZOCU},01/05/2010 12:05:16,AAF0535,PC-2408,Disconnect
{I9X6-W6PW93FK-8510IFLP},01/05/2010 15:00:02,AAF0535,PC-2408,Connect
{N3G6-W7HT07SZ-2437PYMD},01/05/2010 15:03:36,AAF0535,PC-2408,Disconnect
{I9D7-P5KX84DF-0543NXRR},01/06/2010 14:53:30,AAF0535,PC-2408,Connect
{K6R5-Y4NO75BQ-8749FFNG},01/06/2010 15:21:41,AAF0535,PC-2408,Disconnect
{K0Q3-W4GV37OG-8288LIGK},01/07/2010 09:39:16,AAF0535,PC-2408,Connect
{E3U1-A1RQ23QG-5345SHGK},01/07/2010 10:24:08,AAF0535,PC-2408,Disconnect
{N9X8-J4ZS98XK-4070JXSP},01/07/2010 14:51:03,AAF0535,PC-2408,Connect
{F6C0-R1FR72FM-1756MTYC},01/07/2010 15:18:22,AAF0535,PC-2408,Disconnect
{D0I0-K3OM06VF-0641HWZY},01/08/2010 10:55:59,AAF0535,PC-2408,Connect
{C2T6-K6OS63AN-9506MGID},01/08/2010 11:02:49,AAF0535,PC-2408,Disconnect
{B6Q6-L7KD07TG-1357XBXY},01/08/2010 11:11:19,AAF0535,PC-2408,Connect
{W7X4-Q5WA80DI-1779YKWP},01/08/2010 11:30:00,AAF0535,PC-2408,Disconnect
{Z4J0-M9OD49OM-1373RJPG},01/08/2010 15:41:15,AAF0535,PC-2408,Connect
{F4C3-E0VF40FK-3486URUG},01/08/2010 15:45:26,AAF0535,PC-2408,Disconnect
{R0N3-T4TZ63TJ-9634FUOR},01/08/2010 15:57:49,AAF0535,PC-2408,Connect
{N3Y4-T0AQ15GL-2383LZLK},01/08/2010 16:11:31,AAF0535,PC-2408,Disconnect
{Q6Q0-G2MT27LN-4018THJQ},01/11/2010 12:16:07,AAF0535,PC-2408,Connect
{L8Z6-X4LG57JW-5894LORR},01/11/2010 12:38:58,AAF0535,PC-2408,Disconnect
{Y5C0-X0SG21EQ-5149XAOH},01/12/2010 11:06:22,AAF0535,PC-2408,Connect
{T3G4-S0WW36KS-5786TWAK},01/12/2010 11:57:14,AAF0535,PC-2408,Disconnect
{F1G3-B7UK98WI-5969UDHP},01/13/2010 11:59:37,AAF0535,PC-2408,Connect
{F6U8-R2GY05RL-9424BPJP},01/13/2010 12:36:11,AAF0535,PC-2408,Disconnect
{O6E0-A1NH00QW-2581HKYG},01/14/2010 13:39:54,AAF0535,PC-2408,Connect
{W9Q5-D2WX96SY-5043OOWU},01/14/2010 13:46:30,AAF0535,PC-2408,Disconnect
{E9M2-J0ZT93MQ-2591VWEL},01/14/2010 13:55:18,AAF0535,PC-2408,Connect
{R6H5-Q5KO21SU-8061MEGO},01/14/2010 14:15:46,AAF0535,PC-2408,Disconnect
{U1Z8-O6HB38CZ-6303SVOA},01/14/2010 15:56:44,AAF0535,PC-2408,Connect
{T6K6-Y7DN26IU-2841HMMG},01/14/2010 15:57:28,AAF0535,PC-2408,Disconnect
{D1P7-P2KU70SP-3600OGLU},01/15/2010 13:53:54,AAF0535,PC-2408,Connect
{J5M3-G6YS21VA-3756PCEQ},01/15/2010 13:59:11,AAF0535,PC-2408,Disconnect
{R7O7-I7VH54KS-0925OOBF},01/18/2010 13:15:16,AAF0535,PC-2408,Connect
{P2P0-Z7LO56BM-4355ROTG},01/18/2010 14:09:47,AAF0535,PC-2408,Disconnect
{O5U2-N4BI24SP-1754WWPL},01/19/2010 10:27:16,AAF0535,PC-2408,Connect
{S2V1-R9GZ02ZA-4645AQTG},01/19/2010 12:23:32,AAF0535,PC-2408,Disconnect
{A7R7-N4QA20RX-9094UNSX},01/19/2010 12:55:48,AAF0535,PC-2408,Connect
{D7G1-Z9IW02TP-9461SQBX},01/19/2010 13:10:04,AAF0535,PC-2408,Disconnect
{O8Q6-F2BS90CE-6384MZEZ},01/19/2010 16:53:41,AAF0535,PC-2408,Connect
{T0A9-V4BG39ID-3433TPVG},01/19/2010 16:54:01,AAF0535,PC-2408,Disconnect
{Z0U0-F2HH61MX-4320CWJI},01/20/2010 10:49:51,AAF0535,PC-2408,Connect
{R7F1-O2BD15CB-2182LNQT},01/20/2010 11:28:47,AAF0535,PC-2408,Disconnect
{M7K7-V7PL37ZD-6408ITIV},01/20/2010 13:35:22,AAF0535,PC-2408,Connect
{V6K4-Y9VG71TG-4255VBCH},01/20/2010 14:05:28,AAF0535,PC-2408,Disconnect
{X1K1-L9OC71KP-9877HDZS},01/20/2010 14:26:41,AAF0535,PC-2408,Connect
{A3J8-D6ZY83LL-9990ZYFJ},01/20/2010 14:47:50,AAF0535,PC-2408,Disconnect
{N9H9-M7GX78ZW-9989BCZH},01/20/2010 15:58:48,AAF0535,PC-2408,Connect
{Q5R7-O6NZ14PJ-7917YPRR},01/20/2010 16:03:18,AAF0535,PC-2408,Disconnect
{T8D5-D9ZP19OR-4615TZOH},01/21/2010 10:42:14,AAF0535,PC-2408,Connect
{L4S1-Z9GD18CA-6014SLGK},01/21/2010 11:01:25,AAF0535,PC-2408,Disconnect
{A8A8-U3QO73RO-4733DAWX},01/21/2010 11:50:46,AAF0535,PC-2408,Connect
{Y3V6-U7QP58FU-6748VXNF},01/21/2010 12:01:29,AAF0535,PC-2408,Disconnect
{J5W8-F9OC28GX-6359GZAL},01/22/2010 10:38:38,AAF0535,PC-2408,Connect
{G9S4-X2DG71XP-6500JIOS},01/22/2010 11:17:30,AAF0535,PC-2408,Disconnect
{V6I8-W3DU44TW-8994KNLT},01/22/2010 13:16:34,AAF0535,PC-2408,Connect
{Q4B7-E8QS59TL-9888QKLP},01/22/2010 13:38:04,AAF0535,PC-2408,Disconnect
{W9I7-T6PQ28RK-8572KCXK},01/25/2010 13:31:29,AAF0535,PC-2408,Connect
{S4H3-D4AD55DE-3090TDUL},01/25/2010 14:14:36,AAF0535,PC-2408,Disconnect
{R8T6-N7HO25ZC-4580HGJC},01/25/2010 15:26:54,AAF0535,PC-2408,Connect
{F2M5-Y7CR33RO-2628HASN},01/25/2010 15:43:35,AAF0535,PC-2408,Disconnect
{K1X4-Z6YG16AG-8457PVSN},01/26/2010 09:36:51,AAF0535,PC-2408,Connect
{A8I5-Q4YG15CP-1451IUZB},01/26/2010 09:37:05,AAF0535,PC-2408,Disconnect
{G8B4-J0EZ32MZ-4904QXGD},01/26/2010 14:30:35,AAF0535,PC-2408,Connect
{J5V3-U6FW98TN-6641NWYL},01/26/2010 15:43:17,AAF0535,PC-2408,Disconnect
{M2R2-B6RZ80NS-2468ZYKX},01/26/2010 15:52:24,AAF0535,PC-2408,Connect
{W2G9-J7EU93GO-5721CENK},01/26/2010 16:03:33,AAF0535,PC-2408,Disconnect
{K7U6-T6KO38IQ-8284YMXH},01/27/2010 12:10:16,AAF0535,PC-2408,Connect
{E3V7-X8AZ18NL-7596KVUA},01/27/2010 12:45:59,AAF0535,PC-2408,Disconnect
{P3D5-S4ZT15ZZ-2578LWST},01/27/2010 15:13:05,AAF0535,PC-2408,Connect
{H1S6-P6BU27BP-1358LYTE},01/27/2010 15:22:18,AAF0535,PC-2408,Disconnect
{A2R5-V7IN56PR-1371DAHT},01/28/2010 10:43:07,AAF0535,PC-2408,Connect
{C5H6-I5ZJ38FT-6918WWHZ},01/28/2010 10:50:41,AAF0535,PC-2408,Disconnect
{K7L7-B0DN67AX-6991RZHW},01/28/2010 12:24:55,AAF0535,PC-2408,Connect
{K0D8-J3LA58PS-2541JFGI},01/28/2010 12:46:48,AAF0535,PC-2408,Disconnect
{X0X7-J5OV25YW-0101JYQV},01/29/2010 09:34:06,AAF0535,PC-2408,Connect
{W5P1-Z5LV73GH-5011RCKD},01/29/2010 10:01:53,AAF0535,PC-2408,Disconnect
{G4E1-D4XB15RH-8570EKXG},01/29/2010 12:48:12,AAF0535,PC-2408,Connect
{N1X6-Q6GG44SZ-1804LCRI},01/29/2010 12:51:07,AAF0535,PC-2408,Disconnect
{D8S9-Q6WL97KW-7950KNZV},02/01/2010 10:03:39,AAF0535,PC-2408,Connect
{P1F9-N1KK46QM-0687QLHP},02/01/2010 10:09:57,AAF0535,PC-2408,Disconnect
{X1V0-V0VR82IM-2010ORKA},02/01/2010 10:21:17,AAF0535,PC-2408,Connect
{G7Z0-V1RM76JY-9194GWIV},02/01/2010 10:35:03,AAF0535,PC-2408,Disconnect
{L6I0-K7BG01RT-5203CNBP},02/02/2010 09:48:10,AAF0535,PC-2408,Connect
{J2G2-F6QN04SA-9827ADHU},02/02/2010 09:54:49,AAF0535,PC-2408,Disconnect
{H3M5-K9BI02KM-1998OPJM},02/02/2010 14:09:56,AAF0535,PC-2408,Connect
{U7B6-O0FK06FZ-7926BEHJ},02/02/2010 14:11:42,AAF0535,PC-2408,Disconnect
{H5S8-Q3NU91KX-2597CNMW},02/03/2010 10:54:49,AAF0535,PC-2408,Connect
{P0P7-M5XJ64PJ-7261TYFD},02/03/2010 11:02:44,AAF0535,PC-2408,Disconnect
{W1L8-W3AA11VM-6503EKEE},02/03/2010 14:43:09,AAF0535,PC-2408,Connect
{G6L3-K9HA30VO-0307TNUT},02/03/2010 14:58:21,AAF0535,PC-2408,Disconnect
{F4H8-Y8XS82EF-0640JITV},02/04/2010 09:55:00,AAF0535,PC-2408,Connect
{M8X9-V0TU46NB-5456IJTX},02/04/2010 10:35:17,AAF0535,PC-2408,Disconnect
{W4O7-C6OL35JL-0273YVVQ},02/04/2010 12:12:38,AAF0535,PC-2408,Connect
{O0H0-U5ZU68QR-4820DCCF},02/04/2010 13:09:27,AAF0535,PC-2408,Disconnect
{X6G7-G7PR21GZ-2412SQIC},02/04/2010 15:35:49,AAF0535,PC-2408,Connect
{G0X8-H5HF38ID-3327JKNB},02/04/2010 15:46:00,AAF0535,PC-2408,Disconnect
{Z8H8-S6NN59ZK-1546FZRI},02/05/2010 09:28:36,AAF0535,PC-2408,Connect
{H5X5-M2LX94DY-1656SWJG},02/05/2010 09:50:27,AAF0535,PC-2408,Disconnect
{B4J8-Y6LD20EM-5338SKUT},02/05/2010 13:15:14,AAF0535,PC-2408,Connect
{G8I5-V8ZA40MD-3577BFST},02/05/2010 13:18:13,AAF0535,PC-2408,Disconnect
{N6Z9-K3JZ32AF-0276NGSW},02/08/2010 10:11:00,AAF0535,PC-2408,Connect
{V3E8-Z7CE83WB-9876TPLR},02/08/2010 11:10:31,AAF0535,PC-2408,Disconnect
{Z1J0-B9FP45ZP-9927TLSC},02/09/2010 09:27:22,AAF0535,PC-2408,Connect
{B4I5-P7ZP36KO-6827OMLQ},02/09/2010 09:49:35,AAF0535,PC-2408,Disconnect
{O2W4-U9NL84EE-4355ZTLO},02/09/2010 15:26:27,AAF0535,PC-2408,Connect
{Q4O4-F4ZQ61LK-0807WVQI},02/09/2010 16:18:17,AAF0535,PC-2408,Disconnect
{R4W6-E2AY82DV-2356RIUQ},02/10/2010 10:41:52,AAF0535,PC-2408,Connect
{E3K9-L8DS76HC-5858RLOD},02/10/2010 11:37:06,AAF0535,PC-2408,Disconnect
{E2U7-G4YR17DA-1145ZVUF},02/10/2010 15:35:57,AAF0535,PC-2408,Connect
{B3I0-W0PW23KD-7340XXMH},02/10/2010 15:38:55,AAF0535,PC-2408,Disconnect
{F7I9-E2FT09TO-2733CPLM},02/11/2010 09:17:41,AAF0535,PC-2408,Connect
{Q3R3-P9CI54WZ-6548WREQ},02/11/2010 09:58:26,AAF0535,PC-2408,Disconnect
{R5V9-F8DE46OW-9398MPXW},02/12/2010 10:14:47,AAF0535,PC-2408,Connect
{E9N5-C2PX19IS-5800GYDB},02/12/2010 10:35:12,AAF0535,PC-2408,Disconnect
{S6Q5-F8FI64LV-3507YBUL},02/12/2010 12:00:41,AAF0535,PC-2408,Connect
{C6N5-Q7KM11OJ-3045CBHK},02/12/2010 12:45:46,AAF0535,PC-2408,Disconnect
{X0U6-M1ZI41VT-3870HXQA},02/15/2010 11:14:58,AAF0535,PC-2408,Connect
{V5H5-O2BR95WC-0701BVJV},02/15/2010 11:39:52,AAF0535,PC-2408,Disconnect
{Z2P4-W2DO22SQ-6290SZXV},02/15/2010 16:11:21,AAF0535,PC-2408,Connect
{Z4O2-W6ZT26GP-7234LFQM},02/15/2010 17:05:36,AAF0535,PC-2408,Disconnect
{Z8O9-D9VQ13CH-5189HZZK},02/16/2010 16:04:21,AAF0535,PC-2408,Connect
{C7I7-C6PJ29OF-6135UWCE},02/16/2010 16:17:46,AAF0535,PC-2408,Disconnect
{B4C5-C6HC27BY-6041VMDU},02/16/2010 16:19:59,AAF0535,PC-2408,Connect
{J7I3-V0OH39FV-8591IVVA},02/16/2010 16:28:05,AAF0535,PC-2408,Disconnect
{C3B7-A1VJ44CC-8153KOPX},02/19/2010 09:27:49,AAF0535,PC-2408,Connect
{U8X0-S3HN99NO-4751BCOG},02/19/2010 09:28:18,AAF0535,PC-2408,Disconnect
{K3N1-T4BH41FG-7979WBYT},02/19/2010 09:29:55,AAF0535,PC-2408,Connect
{F1R7-E4LV86HM-1878HBYX},02/19/2010 09:35:40,AAF0535,PC-2408,Disconnect
{Z8G5-M2LJ78RH-1903QRGO},02/23/2010 12:14:40,AAF0535,PC-2408,Connect
{B5X1-M6DH71GE-5509RZLC},02/23/2010 12:19:23,AAF0535,PC-2408,Disconnect
{K0L4-S2CN11GI-5615OZVA},02/23/2010 13:18:32,AAF0535,PC-2408,Connect
{P7E9-R0JK57EW-7775UXQP},02/23/2010 13:45:35,AAF0535,PC-2408,Disconnect
{E6D4-X6AY68OF-2485CEAD},02/23/2010 16:10:46,AAF0535,PC-2408,Connect
{N2T3-F6BR98FM-7068VJXP},02/23/2010 16:19:18,AAF0535,PC-2408,Disconnect
{K5N0-V2SN96YK-2711ZRFX},02/24/2010 09:50:41,AAF0535,PC-2408,Connect
{B4H9-A1HI26UK-5584OCNP},02/24/2010 10:00:43,AAF0535,PC-2408,Disconnect
{O9M7-K5SM60WY-4799IQTC},02/24/2010 15:53:34,AAF0535,PC-2408,Connect
{I0F6-Q4VZ50MV-8821CVXV},02/24/2010 16:26:15,AAF0535,PC-2408,Disconnect
{V7V2-E8MZ57WF-3578KDVV},02/25/2010 13:19:11,AAF0535,PC-2408,Connect
{V3E4-H9PC82TR-5376YTKH},02/25/2010 13:50:55,AAF0535,PC-2408,Disconnect
{I9E7-N9LM65YV-6576RPMR},02/26/2010 13:22:40,AAF0535,PC-2408,Connect
{D2R8-K9ZJ13ZZ-8574WNVV},02/26/2010 13:23:25,AAF0535,PC-2408,Disconnect
{F1U4-D3QL68WE-9873VYXL},02/26/2010 13:48:56,AAF0535,PC-2408,Connect
{L8O9-N8TZ81MP-1388BMIK},02/26/2010 14:14:31,AAF0535,PC-2408,Disconnect
{F6H8-R2BZ61XM-3061ONZC},02/26/2010 14:50:24,AAF0535,PC-2408,Connect
{I1M8-F9SP17SE-4055NKMW},02/26/2010 14:50:51,AAF0535,PC-2408,Disconnect
{Q8V6-N8XN88QB-8949GTVT},03/01/2010 10:09:37,AAF0535,PC-2408,Connect
{T0N3-X8BS17HA-8736GHWM},03/01/2010 10:56:29,AAF0535,PC-2408,Disconnect
{Z7T3-P0FL75AC-6836OYLY},03/01/2010 11:31:25,AAF0535,PC-2408,Connect
{R2K4-W6ZN03ZA-8953EYIP},03/01/2010 12:18:50,AAF0535,PC-2408,Disconnect
{Q4I7-X1VS82RK-4489NUAD},03/01/2010 15:33:37,AAF0535,PC-2408,Connect
{E4J1-S1IZ97NR-7757YSVG},03/01/2010 16:07:18,AAF0535,PC-2408,Disconnect
{F8O3-J2ZG81YU-6582ULMS},03/02/2010 15:43:59,AAF0535,PC-2408,Connect
{S4A0-S8XD06LT-1547UUJQ},03/02/2010 15:45:18,AAF0535,PC-2408,Disconnect
{O9B4-O0EP89CH-2441OBDC},03/03/2010 10:04:26,AAF0535,PC-2408,Connect
{Y4R6-A0XS45RS-7617GWXT},03/03/2010 10:52:40,AAF0535,PC-2408,Disconnect
{M0W6-G0FY68FE-1080HRPU},03/03/2010 15:10:22,AAF0535,PC-2408,Connect
{M5C9-X4VS73TY-6068BBQF},03/03/2010 15:10:46,AAF0535,PC-2408,Disconnect
{W3Y2-T2XN25BK-5279QFSY},03/04/2010 11:41:39,AAF0535,PC-2408,Connect
{A1L6-U2RI76SH-7337IQPD},03/04/2010 12:05:10,AAF0535,PC-2408,Disconnect
{M1M9-C0EH32CJ-7218VBSO},03/04/2010 13:02:50,AAF0535,PC-2408,Connect
{C0V5-R2SP88BP-9860VUPS},03/04/2010 13:56:21,AAF0535,PC-2408,Disconnect
{E0N5-I8RW40RF-1321QZHZ},03/05/2010 14:14:19,AAF0535,PC-2408,Connect
{E7Y6-H2TF76RO-8571QSWZ},03/05/2010 14:54:34,AAF0535,PC-2408,Disconnect
{J6C5-E4HF91EO-8819CGUN},03/08/2010 10:17:13,AAF0535,PC-2408,Connect
{L4S0-O3EQ39DS-9902VLZT},03/08/2010 10:35:53,AAF0535,PC-2408,Disconnect
{J7A3-K4ER25GP-5928HKRS},03/09/2010 11:00:39,AAF0535,PC-2408,Connect
{S0N9-H7TB39QV-8215MKWC},03/09/2010 11:08:23,AAF0535,PC-2408,Disconnect
{Y6K5-Z2VF24RG-8941EJNV},03/10/2010 11:22:56,AAF0535,PC-2408,Connect
{G0R6-T4BI83BA-2633JPLF},03/10/2010 11:23:57,AAF0535,PC-2408,Disconnect
{B4X4-C5UD85EH-0532UTLL},03/10/2010 11:44:52,AAF0535,PC-2408,Connect
{B6R6-J4EV30FW-9850HXDQ},03/10/2010 12:24:49,AAF0535,PC-2408,Disconnect
{S3Z5-T4BV74AG-1719MQBY},03/11/2010 11:24:50,AAF0535,PC-2408,Connect
{U6C1-R8ZK55KF-3241JJLT},03/11/2010 11:46:48,AAF0535,PC-2408,Disconnect
{X4D4-K3OR63VL-4103AEXL},03/11/2010 14:53:40,AAF0535,PC-2408,Connect
{U8G1-W9EI65NY-6425FERA},03/11/2010 15:23:03,AAF0535,PC-2408,Disconnect
{A6H9-I3UF51RD-4789WGXR},03/12/2010 09:34:17,AAF0535,PC-2408,Connect
{X8I8-B8ED90RZ-9520DCEO},03/12/2010 09:58:38,AAF0535,PC-2408,Disconnect
{Q0L8-E8KY18DT-4035XTYR},03/12/2010 10:01:12,AAF0535,PC-2408,Connect
{P2O9-J5TX05UO-7100DNJB},03/12/2010 16:24:13,AAF0535,PC-2408,Connect
{H2F8-J3MN34KO-2058ANYN},03/12/2010 16:52:49,AAF0535,PC-2408,Disconnect
{G4H7-Z2PG06UR-6124HMCO},03/15/2010 14:45:43,AAF0535,PC-2408,Connect
{O0J2-Z2DS18EP-8870HIMW},03/15/2010 16:56:32,AAF0535,PC-2408,Disconnect
{R1R1-T5WB37LB-5661DOYS},03/16/2010 12:41:02,AAF0535,PC-2408,Connect
{T3B4-Q5BG38NI-4815JWGZ},03/16/2010 13:37:13,AAF0535,PC-2408,Disconnect
{K8R7-I2AY58HN-4768MMPC},03/17/2010 12:02:24,AAF0535,PC-2408,Connect
{H8A1-U7BQ53BG-9460AOYS},03/17/2010 12:21:58,AAF0535,PC-2408,Disconnect
{E8S5-E3VM12AT-6210JFFE},03/17/2010 15:49:36,AAF0535,PC-2408,Connect
{I1Z6-F1IZ90SO-0495GSMC},03/17/2010 16:11:09,AAF0535,PC-2408,Disconnect
{S5T7-M9KG91NM-7936ZJTD},03/18/2010 15:20:52,AAF0535,PC-2408,Connect
{Z3E0-E8RP16IJ-6121ZLRZ},03/18/2010 17:02:16,AAF0535,PC-2408,Disconnect
{V1M7-C9GM38EH-4853GTKS},03/19/2010 09:57:20,AAF0535,PC-2408,Connect
{Z7I2-S7XC34UM-2954VYLZ},03/19/2010 09:58:34,AAF0535,PC-2408,Disconnect
{G8A4-U9BW44IN-3352BKIC},03/19/2010 10:37:46,AAF0535,PC-2408,Connect
{C5P1-P7DU66ZG-4364TNNK},03/19/2010 10:44:49,AAF0535,PC-2408,Disconnect
{B8V8-F2TV13FW-1927FJCK},03/19/2010 14:12:50,AAF0535,PC-2408,Connect
{H7X8-J3CS75UF-6799YLAK},03/19/2010 14:24:19,AAF0535,PC-2408,Disconnect
{V7Y6-L0XX88RK-2017LDFV},03/22/2010 12:33:38,AAF0535,PC-2408,Connect
{S7U1-D7BV26SO-2792LVSP},03/22/2010 13:14:21,AAF0535,PC-2408,Disconnect
{J2S7-K4AW68SS-2757CSIZ},03/22/2010 13:53:39,AAF0535,PC-2408,Connect
{M4Y2-W6BP97PL-0465PLNF},03/22/2010 14:10:53,AAF0535,PC-2408,Disconnect
{O6M8-D9HR25JH-0893KDKY},03/23/2010 13:51:57,AAF0535,PC-2408,Connect
{H8C1-V7HM76QH-2140QOJN},03/23/2010 14:51:24,AAF0535,PC-2408,Disconnect
{O8Q3-D1FT22RC-9357CVNT},03/23/2010 14:52:20,AAF0535,PC-2408,Connect
{I7H9-Z5FF60XU-5802XQBH},03/23/2010 15:36:40,AAF0535,PC-2408,Disconnect
{B4X0-P1WB64EK-4792ITZR},03/24/2010 09:08:50,AAF0535,PC-2408,Connect
{J5E2-R4XQ89GX-3203HYXP},03/24/2010 09:45:28,AAF0535,PC-2408,Disconnect
{Y8Q9-F1QB25ZC-7160FMJT},03/24/2010 13:59:19,AAF0535,PC-2408,Connect
{A7F3-X3YO12WR-9919IUQS},03/24/2010 14:10:50,AAF0535,PC-2408,Disconnect
{N7F5-L0FA41CJ-3869VEAL},03/24/2010 15:23:01,AAF0535,PC-2408,Connect
{S5U0-Q8XV18DJ-1037ZRIH},03/24/2010 15:48:25,AAF0535,PC-2408,Disconnect
{M9R0-H8YC56CV-7136RECZ},03/25/2010 09:12:48,AAF0535,PC-2408,Connect
{H2Q1-T2KM72RV-4167HYKU},03/25/2010 09:17:47,AAF0535,PC-2408,Disconnect
{L5B6-L6OH87UN-9358GZOY},03/26/2010 12:39:26,AAF0535,PC-2408,Connect
{X4R7-E3MW70HN-1246LBHC},03/26/2010 12:50:50,AAF0535,PC-2408,Disconnect
{U1E0-R0WO04DU-1906SRFZ},03/29/2010 13:44:36,AAF0535,PC-2408,Connect
{K5T8-E5HA20KQ-7207BZKJ},03/29/2010 13:51:45,AAF0535,PC-2408,Disconnect
{M9D5-X5NE73NZ-3456ZCTM},03/30/2010 11:28:29,AAF0535,PC-2408,Connect
{F2F7-K6JA59WX-8539HCJB},03/30/2010 11:29:31,AAF0535,PC-2408,Disconnect
{C3Y5-O4IR87LJ-5374TDNU},03/30/2010 14:32:49,AAF0535,PC-2408,Connect
{U7X0-S6KD86NV-8170RZAU},03/30/2010 15:11:54,AAF0535,PC-2408,Disconnect
{X4O1-G5RX59IX-3165ZKUW},03/31/2010 13:24:28,AAF0535,PC-2408,Connect
{P3I4-W1EP16DV-7584YGMD},03/31/2010 13:48:06,AAF0535,PC-2408,Disconnect
{B1M3-H6ZL77OM-9614CFTQ},03/31/2010 15:43:14,AAF0535,PC-2408,Connect
{W9U6-T4XP46BZ-1199ILCF},03/31/2010 15:57:44,AAF0535,PC-2408,Disconnect
{Q3M4-A9VT36FF-8341TOSM},04/01/2010 15:46:35,AAF0535,PC-2408,Connect
{F7N3-W2JZ49PA-8962STZN},04/01/2010 16:30:18,AAF0535,PC-2408,Disconnect
{L1T7-M4UM89LU-5496MACN},04/05/2010 09:10:53,AAF0535,PC-2408,Connect
{Q4D4-G8JO46RL-3646SZMU},04/05/2010 10:38:57,AAF0535,PC-2408,Disconnect
{B8H2-R4HL98IQ-5306OFLW},04/05/2010 11:04:37,AAF0535,PC-2408,Connect
{O1C0-K5JK34BN-8987NPFV},04/05/2010 11:22:50,AAF0535,PC-2408,Disconnect
{K0G3-L9ZH52RB-0256WZVW},04/05/2010 14:40:20,AAF0535,PC-2408,Connect
{Y1Q1-Q9NU06EY-1735BZBV},04/05/2010 15:07:24,AAF0535,PC-2408,Disconnect
{F6K0-K0PF24AS-2613MVJB},04/06/2010 12:37:47,AAF0535,PC-2408,Connect
{G2U8-I8LV57IG-8600IIME},04/06/2010 12:42:19,AAF0535,PC-2408,Disconnect
{U4R7-J9KX38TB-2855NOCV},04/06/2010 15:41:42,AAF0535,PC-2408,Connect
{N5B9-P4OP27MG-5056CMZE},04/06/2010 16:13:16,AAF0535,PC-2408,Disconnect
{K8E6-A0UH89FK-7747ITBT},04/07/2010 09:15:45,AAF0535,PC-2408,Connect
{G4I7-X6AQ92QJ-5894ILNC},04/07/2010 09:38:42,AAF0535,PC-2408,Disconnect
{O1H5-D4YK97GU-5291UYLF},04/07/2010 15:33:48,AAF0535,PC-2408,Connect
{C8I0-E4HX53TR-7159ILRI},04/07/2010 15:59:00,AAF0535,PC-2408,Disconnect
{S1L7-K8VB46BH-3670WZIY},04/07/2010 16:23:23,AAF0535,PC-2408,Connect
{V0B3-S1II99NH-0534HTXB},04/07/2010 16:50:48,AAF0535,PC-2408,Disconnect
{S8J5-J3CD44PQ-9779ZNJD},04/08/2010 11:48:52,AAF0535,PC-2408,Connect
{S3U1-H0HI30NV-2237FPWK},04/08/2010 11:58:41,AAF0535,PC-2408,Disconnect
{N7M4-G2HP79KD-6676FTYT},04/08/2010 16:39:31,AAF0535,PC-2408,Connect
{B0G1-J7EO34VF-7068DKNO},04/08/2010 16:44:45,AAF0535,PC-2408,Disconnect
{E8A0-I8AG59NJ-5306SDMU},04/09/2010 10:59:36,AAF0535,PC-2408,Connect
{V8R3-X2EU43LK-7389NFSL},04/09/2010 11:12:49,AAF0535,PC-2408,Disconnect
{T2A9-V2EO24IG-3172KCGK},04/09/2010 13:42:42,AAF0535,PC-2408,Connect
{A1G7-U1HN15UL-3408ACTQ},04/09/2010 14:13:41,AAF0535,PC-2408,Disconnect
{J7S3-S3YR16ZU-2662YFNA},04/12/2010 09:18:51,AAF0535,PC-2408,Connect
{W4L1-G1YD11AY-6843XNFK},04/12/2010 11:29:49,AAF0535,PC-2408,Connect
{I6X0-J8DH12OV-3509LRJX},04/12/2010 12:28:20,AAF0535,PC-2408,Disconnect
{L9U8-T3CH29ZR-4455FCWF},04/13/2010 13:40:42,AAF0535,PC-2408,Connect
{L5O2-U9FP35EG-6063ADJX},04/13/2010 13:58:45,AAF0535,PC-2408,Disconnect
{X3Q2-K7QF23NG-1901BFLZ},04/13/2010 14:29:04,AAF0535,PC-2408,Connect
{K9J8-N1TE77DA-3595PMCI},04/13/2010 14:55:20,AAF0535,PC-2408,Disconnect
{R5S5-O3HC92GF-0928EKSM},04/14/2010 10:11:34,AAF0535,PC-2408,Connect
{K8K7-O4KH79AD-7450MKOB},04/14/2010 10:19:43,AAF0535,PC-2408,Disconnect
{O4R4-Z1EK22KI-2929KBDV},04/14/2010 11:17:54,AAF0535,PC-2408,Connect
{N8I5-H0HD72DE-4765FDQH},04/14/2010 12:55:34,AAF0535,PC-2408,Disconnect
{X6F9-E5MS88GM-2051QHMZ},04/14/2010 14:15:38,AAF0535,PC-2408,Connect
{X9V6-G6ID35EU-2887PFAC},04/14/2010 14:43:07,AAF0535,PC-2408,Disconnect
{P6O2-H0SR91FW-0273JSCZ},04/16/2010 09:12:08,AAF0535,PC-2408,Connect
{K9X2-D0LD67MD-9810IDCV},04/16/2010 09:31:41,AAF0535,PC-2408,Disconnect
{W0U2-P9LV61OC-1143QNLO},04/16/2010 09:40:29,AAF0535,PC-2408,Connect
{R6O8-X9LR69JI-9395BYON},04/16/2010 11:02:35,AAF0535,PC-2408,Disconnect
{L8G9-K8ES80RP-0974IHGQ},04/16/2010 16:25:17,AAF0535,PC-2408,Connect
{K1T1-B1LB27HY-3813SRFW},04/16/2010 16:48:40,AAF0535,PC-2408,Disconnect
{D5C5-X6WM71LP-5785TQWV},04/19/2010 09:42:01,AAF0535,PC-2408,Connect
{L4I4-M3SI58QD-5272KFYO},04/19/2010 10:06:38,AAF0535,PC-2408,Disconnect
{U3C5-B5VO72QZ-2995KYRA},04/20/2010 09:36:27,AAF0535,PC-2408,Connect
{Y0G0-O4AW22FA-7246RQCW},04/20/2010 09:55:20,AAF0535,PC-2408,Disconnect
{A4A2-C6IA31KQ-9054BQDB},04/20/2010 10:26:23,AAF0535,PC-2408,Connect
{C5I2-S5TX24QX-8414LOYL},04/20/2010 12:00:30,AAF0535,PC-2408,Disconnect
{D4W5-B6CT25CB-3080MKWF},04/20/2010 15:34:57,AAF0535,PC-2408,Connect
{M8L5-N4MQ96VJ-0527AJTP},04/20/2010 16:18:11,AAF0535,PC-2408,Disconnect
{Y3Y8-Q1MG99YU-9277MZTZ},04/21/2010 11:00:41,AAF0535,PC-2408,Connect
{C3M2-J4HR04CI-1726ONQH},04/21/2010 11:04:37,AAF0535,PC-2408,Disconnect
{K8Y4-P6KF58AA-6236USRD},04/21/2010 11:21:27,AAF0535,PC-2408,Connect
{D9B5-H4SA15NK-6386ONPN},04/21/2010 11:54:49,AAF0535,PC-2408,Disconnect
{K2B6-Q9LL65IB-3562SWZH},04/21/2010 13:44:22,AAF0535,PC-2408,Connect
{K0E7-E6DV51WA-1804XIWO},04/21/2010 13:53:07,AAF0535,PC-2408,Disconnect
{Q1O3-V5TA27FJ-0653KKET},04/21/2010 16:11:06,AAF0535,PC-2408,Connect
{F2R0-D9PZ32GZ-8612MJUJ},04/21/2010 16:35:57,AAF0535,PC-2408,Disconnect
{O0Q7-W9HT31ZD-4009PMFM},04/22/2010 10:28:45,AAF0535,PC-2408,Connect
{N8H1-V0CY95HX-3116MTBU},04/22/2010 10:52:47,AAF0535,PC-2408,Disconnect
{D1R1-D8QW05IW-0024NKHR},04/23/2010 12:35:22,AAF0535,PC-2408,Connect
{L6F7-Y6VL73WP-2380EREM},04/23/2010 13:19:21,AAF0535,PC-2408,Disconnect
{G0F8-M6HE26OY-7452LNDT},04/23/2010 13:49:02,AAF0535,PC-2408,Connect
{N2X9-X5GZ27EU-0654EYYA},04/23/2010 14:00:37,AAF0535,PC-2408,Disconnect
{V7G2-Z0IP86LP-9191ANCR},04/26/2010 10:38:01,AAF0535,PC-2408,Connect
{U0M2-E0NR00UK-1275XVVE},04/26/2010 10:49:48,AAF0535,PC-2408,Disconnect
{F4W9-K0GG23AM-0962HIAD},04/26/2010 15:11:32,AAF0535,PC-2408,Connect
{X3N5-Q6TH79FZ-8285DIPP},04/26/2010 16:18:23,AAF0535,PC-2408,Disconnect
{T4F4-K7WR36GM-3672FDFR},04/27/2010 14:29:57,AAF0535,PC-2408,Connect
{Y8M3-Z7PJ75IZ-6448KCCA},04/27/2010 14:43:43,AAF0535,PC-2408,Disconnect
{Z7W4-X6GB80YN-1328KTHP},04/27/2010 15:26:29,AAF0535,PC-2408,Connect
{F6K3-C7AM93IE-2606WRGS},04/27/2010 15:40:24,AAF0535,PC-2408,Disconnect
{B0C5-A2AR13LY-0719SBZY},04/28/2010 11:01:14,AAF0535,PC-2408,Connect
{S8W4-K5AW00HN-5797TODP},04/28/2010 11:56:07,AAF0535,PC-2408,Disconnect
{X6S3-U8UI91YX-8221CADM},04/29/2010 14:06:44,AAF0535,PC-2408,Connect
{Z4K3-D0FX73KI-4497QCXD},04/29/2010 15:05:17,AAF0535,PC-2408,Disconnect
{U1B7-I0OB87MU-2701YZJS},04/29/2010 16:22:05,AAF0535,PC-2408,Connect
{H6W9-J2FB93OG-5470XQYK},04/29/2010 16:39:40,AAF0535,PC-2408,Disconnect
{W7L5-A1NY53KS-4700YZNV},04/30/2010 11:04:35,AAF0535,PC-2408,Connect
{L8L6-P4JA95FH-6845FCSS},04/30/2010 11:19:38,AAF0535,PC-2408,Disconnect
{O1T8-S0XN15MX-0513SRCX},04/30/2010 12:07:28,AAF0535,PC-2408,Connect
{H9J4-O2ST89FV-6107RBLE},04/30/2010 12:26:24,AAF0535,PC-2408,Disconnect
{L5G4-L4PN78DG-3962QWTM},04/30/2010 12:44:11,AAF0535,PC-2408,Connect
{Y4A3-W6OY57GM-6435PIHX},04/30/2010 12:51:02,AAF0535,PC-2408,Disconnect
{T2T5-S2TM23DR-3932AYHN},04/30/2010 13:02:41,AAF0535,PC-2408,Connect
{H7I9-L9DS83QO-5995KHGI},04/30/2010 13:22:03,AAF0535,PC-2408,Disconnect
{T7M4-L0XJ67AX-4617QHGE},05/03/2010 11:30:34,AAF0535,PC-2408,Connect
{Q3W4-Y6OG53TS-8104VWXN},05/03/2010 12:13:27,AAF0535,PC-2408,Disconnect
{K4Y8-C5AD77TV-8438MCTD},05/03/2010 14:00:54,AAF0535,PC-2408,Connect
{N8J1-K7IS85SZ-9556LACT},05/03/2010 15:06:24,AAF0535,PC-2408,Disconnect
{H5T6-R0VW84XS-3907DZLP},05/04/2010 10:08:32,AAF0535,PC-2408,Connect
{C8T6-F2QV18TV-7724YCND},05/04/2010 10:26:37,AAF0535,PC-2408,Disconnect
{J5F8-Y9XG60MM-2302PEGG},05/04/2010 14:10:55,AAF0535,PC-2408,Connect
{Q9X0-U5BL00XX-7324CIVQ},05/04/2010 14:29:02,AAF0535,PC-2408,Disconnect
{I4B4-K2KY17GJ-6309JBSC},05/05/2010 09:04:44,AAF0535,PC-2408,Connect
{P9W6-V3JH79CJ-6280CJYV},05/05/2010 09:12:46,AAF0535,PC-2408,Disconnect
{T7R4-I2FK91FD-6333GTHM},05/05/2010 14:34:59,AAF0535,PC-2408,Connect
{S1E8-C4FZ03AY-3723NDVN},05/05/2010 15:36:44,AAF0535,PC-2408,Disconnect
{G2A6-T1KM72IE-2505QEMI},05/05/2010 16:19:47,AAF0535,PC-2408,Connect
{S6H9-J1AB28GT-6563QYPR},05/05/2010 16:23:12,AAF0535,PC-2408,Disconnect
{W7C3-D6VZ87OZ-9894UTBS},05/07/2010 11:19:25,AAF0535,PC-2408,Connect
{Z0L6-H6XC08ID-8720BESU},05/07/2010 13:02:25,AAF0535,PC-2408,Disconnect
{A8Z5-S0GM47TG-5433WWVX},05/10/2010 09:44:11,AAF0535,PC-2408,Connect
{G5T1-G6YA96GI-5583DZCG},05/10/2010 10:22:05,AAF0535,PC-2408,Disconnect
{C9U3-Z6CS00US-8602YVXD},05/10/2010 15:14:21,AAF0535,PC-2408,Connect
{V4R6-E7IQ69BQ-6771LVUI},05/10/2010 15:47:13,AAF0535,PC-2408,Disconnect
{T3R8-Q6MN79ZR-2739CWTE},05/11/2010 10:10:55,AAF0535,PC-2408,Connect
{B8N0-Q8YA94NN-2787HEKO},05/11/2010 10:15:43,AAF0535,PC-2408,Disconnect
{K1D7-R5KE61GA-7141DXWW},05/11/2010 14:05:40,AAF0535,PC-2408,Connect
{V8Z2-P9DB02CM-4442OQNV},05/11/2010 14:14:06,AAF0535,PC-2408,Disconnect
{G2F4-V3FC99KM-6351GGKD},05/12/2010 13:59:14,AAF0535,PC-2408,Connect
{Z3F0-P2QN86KA-2623ZQRG},05/12/2010 14:10:24,AAF0535,PC-2408,Disconnect
{A2S6-W0MH62EU-0908KTNH},05/12/2010 14:49:53,AAF0535,PC-2408,Connect
{Z9B6-K8II42YT-8031MAQJ},05/12/2010 15:32:44,AAF0535,PC-2408,Disconnect
{D0Q6-C5OD44HE-2436MGYG},05/13/2010 10:09:41,AAF0535,PC-2408,Connect
{L0N2-N4EH30OZ-5168KOKX},05/13/2010 10:27:44,AAF0535,PC-2408,Disconnect
{Z7C0-S2DM06LQ-5760JPGR},05/13/2010 11:10:45,AAF0535,PC-2408,Connect
{T6X2-E5HO77DC-5242SDWT},05/13/2010 11:15:04,AAF0535,PC-2408,Disconnect
{G7I0-W7PW91TO-3610VAUX},05/13/2010 13:36:23,AAF0535,PC-2408,Connect
{F3N3-E1MV57AK-8612TACH},05/13/2010 14:10:16,AAF0535,PC-2408,Disconnect
{Z4R2-I5ZW71VY-0941EIXK},05/14/2010 15:22:07,AAF0535,PC-2408,Connect
{I6R4-O5QI73PM-4976EOJY},05/14/2010 15:38:33,AAF0535,PC-2408,Disconnect
{I2I9-B5ZN85OQ-6991HRPO},05/14/2010 15:40:18,AAF0535,PC-2408,Connect
{A5R8-G3JA29FX-0134SJER},05/14/2010 15:40:27,AAF0535,PC-2408,Disconnect
{Z8U1-O5RJ98HR-9018BFWE},05/14/2010 15:40:39,AAF0535,PC-2408,Connect
{I8Y7-L3VH91XO-1707MLBV},05/14/2010 15:43:54,AAF0535,PC-2408,Disconnect
{H7O7-J4DD52PQ-4743RDTB},05/17/2010 09:43:47,AAF0535,PC-2408,Connect
{P0F5-A9NU85PZ-0845XCQC},05/17/2010 10:03:11,AAF0535,PC-2408,Disconnect
{X6W3-E5DW60RM-7215MCFW},05/17/2010 16:08:26,AAF0535,PC-2408,Connect
{T9R6-I7WB66LU-2315EYPV},05/17/2010 16:13:12,AAF0535,PC-2408,Disconnect
{Z0W0-U7UQ21NM-7888GMUU},05/18/2010 09:18:14,AAF0535,PC-2408,Connect
{M2E3-I6TI52EP-8005ZWFI},05/18/2010 10:08:19,AAF0535,PC-2408,Disconnect
{G4Z2-Z9FK30EY-8395NKNQ},05/18/2010 12:03:21,AAF0535,PC-2408,Connect
{X1D4-K9RB69AU-6810NIDJ},05/18/2010 12:58:44,AAF0535,PC-2408,Disconnect
{A8D4-D1DB99NL-9299CTPE},05/19/2010 15:01:08,AAF0535,PC-2408,Connect
{I7P0-E9KI63EU-4741AJEJ},05/19/2010 15:07:35,AAF0535,PC-2408,Disconnect
{F7B5-V7QB10YS-9424FIGJ},05/19/2010 15:07:44,AAF0535,PC-2408,Connect
{S7Y1-V3NM18YL-0760OTWN},05/19/2010 15:24:39,AAF0535,PC-2408,Disconnect
{D3C5-J0PG47IC-4602KZWV},05/20/2010 09:30:42,AAF0535,PC-2408,Connect
{Y1S2-H8IN94VC-5357GBDT},05/20/2010 09:38:33,AAF0535,PC-2408,Disconnect
{L0V5-J7LK20CJ-5139MPRK},05/20/2010 15:17:25,AAF0535,PC-2408,Connect
{H7A8-T2WY84AH-7233ZZXP},05/20/2010 15:55:17,AAF0535,PC-2408,Disconnect
{H4P4-W1RX54WD-2812XIXN},05/21/2010 09:00:47,AAF0535,PC-2408,Connect
{Y5Y7-U4SN98AL-5631VUSK},05/21/2010 10:28:23,AAF0535,PC-2408,Disconnect
{M9Z9-E9QO16UV-0199BUHQ},05/21/2010 14:24:12,AAF0535,PC-2408,Connect
{R4R5-D1AC94GD-4571NYAC},05/21/2010 14:35:58,AAF0535,PC-2408,Disconnect
{E8R5-B2UP96DB-5915WPLU},05/21/2010 15:16:44,AAF0535,PC-2408,Connect
{L5A5-J1QR64DZ-2872AZCK},05/21/2010 15:25:20,AAF0535,PC-2408,Disconnect
{B9I4-N8LC06SW-8534TKEJ},05/24/2010 09:20:24,AAF0535,PC-2408,Connect
{J0I0-K1YB09RH-3289DILV},05/24/2010 09:37:27,AAF0535,PC-2408,Disconnect
{R6S7-P6XI82VY-5477IBWK},05/24/2010 12:44:04,AAF0535,PC-2408,Connect
{Y2C7-K8CR89EV-3182DSCM},05/24/2010 13:18:46,AAF0535,PC-2408,Disconnect
{A5C5-X0VF58FA-0825BWBX},05/24/2010 16:15:07,AAF0535,PC-2408,Connect
{T7S8-N4HY79UO-5722AVAB},05/24/2010 16:45:05,AAF0535,PC-2408,Disconnect
{N2P0-U9IK10PV-7466EQHW},05/25/2010 11:54:21,AAF0535,PC-2408,Connect
{G4E0-V1GG59KA-4296EIBP},05/25/2010 13:49:30,AAF0535,PC-2408,Disconnect
{C7K0-E5ZK94NA-1638LVWH},05/25/2010 15:13:47,AAF0535,PC-2408,Connect
{E4Z7-C2JL86NI-3968GVFF},05/25/2010 16:23:22,AAF0535,PC-2408,Disconnect
{E2O8-V2JX34KQ-5748YNRL},05/26/2010 13:14:37,AAF0535,PC-2408,Connect
{N9H4-N6MW09JJ-9851WIGO},05/27/2010 12:10:24,AAF0535,PC-2408,Connect
{Y3E9-Y8AH92TH-7792APUK},05/27/2010 12:31:18,AAF0535,PC-2408,Disconnect
{S6B6-B8UO99WS-2323GOKD},05/27/2010 14:23:04,AAF0535,PC-2408,Connect
{F0L3-H4TQ70RJ-8764ATHY},05/27/2010 15:02:14,AAF0535,PC-2408,Disconnect
{R6Z5-G7CD40XS-4522DQSF},05/27/2010 16:23:57,AAF0535,PC-2408,Connect
{I2K0-A7SL11LO-5545DUZF},05/27/2010 16:43:32,AAF0535,PC-2408,Disconnect
{H6P9-K2HA20MR-3131ELZS},05/28/2010 10:48:22,AAF0535,PC-2408,Connect
{H2R3-K4TE15RA-0354UMZI},05/28/2010 11:22:07,AAF0535,PC-2408,Disconnect
{X1Y6-L2ZZ09HC-3738RPEG},05/28/2010 15:23:30,AAF0535,PC-2408,Connect
{C1I0-F0UT05IF-5948TWFW},05/28/2010 15:31:01,AAF0535,PC-2408,Disconnect
{G7J7-V7FV73XS-5164ZPFY},05/28/2010 16:37:12,AAF0535,PC-2408,Connect
{S4C7-F8VQ06IA-7113HHOI},05/28/2010 16:39:05,AAF0535,PC-2408,Disconnect
{V6F3-M8SZ43YL-8377UIZC},06/01/2010 10:13:40,AAF0535,PC-2408,Connect
{V9C7-L1JR43DR-0400APLU},06/01/2010 11:29:45,AAF0535,PC-2408,Disconnect
{L1C2-T3MI25WE-2549DUMM},06/01/2010 12:46:50,AAF0535,PC-2408,Connect
{C2J3-C2HV53TC-8886TJOW},06/01/2010 13:21:53,AAF0535,PC-2408,Disconnect
{U4L4-K2LG82EW-1427ZPZY},06/02/2010 08:56:57,AAF0535,PC-2408,Connect
{G4K5-Y2DE71FP-2539VSUF},06/02/2010 09:44:00,AAF0535,PC-2408,Disconnect
{L7Z3-T1VA12XU-3418ETWO},06/02/2010 13:02:16,AAF0535,PC-2408,Connect
{A7H0-Y3MZ29CT-9583JQCI},06/02/2010 13:11:40,AAF0535,PC-2408,Disconnect
{K0N0-D3PP51EA-6771OIRC},06/02/2010 14:57:46,AAF0535,PC-2408,Connect
{Q0K9-E1TR08KU-3495FOQF},06/02/2010 15:33:55,AAF0535,PC-2408,Disconnect
{M6U1-C0UO90GT-7720QWZG},06/02/2010 16:22:20,AAF0535,PC-2408,Connect
{F7K7-T3FF18TG-0077WSBW},06/02/2010 16:59:26,AAF0535,PC-2408,Disconnect
{V4O1-R9MR55NJ-0710TEUW},06/03/2010 10:15:44,AAF0535,PC-2408,Connect
{F2T8-B9SC09KF-6824BVCM},06/03/2010 10:23:08,AAF0535,PC-2408,Disconnect
{B1J4-G6IG74KM-3788VCHG},06/03/2010 13:53:20,AAF0535,PC-2408,Connect
{C2J6-P1HW42OB-7787OBJX},06/03/2010 15:06:02,AAF0535,PC-2408,Disconnect
{X2W0-W0QQ49XK-3041FPBH},06/03/2010 16:27:39,AAF0535,PC-2408,Connect
{F0M0-Y2UR72SA-5211NTMC},06/03/2010 16:46:42,AAF0535,PC-2408,Disconnect
{O1T5-W7ZO89LK-2623JILV},06/04/2010 11:02:01,AAF0535,PC-2408,Connect
{O3N3-U7OE30KO-2291TKER},06/04/2010 11:18:26,AAF0535,PC-2408,Disconnect
{U8S3-I0FH96SM-4062MFKD},06/04/2010 13:41:13,AAF0535,PC-2408,Connect
{V2W4-E1XI57TJ-2034HJPV},06/04/2010 14:10:15,AAF0535,PC-2408,Disconnect
{R8L2-X5IN53LT-3227SGGW},06/07/2010 10:18:54,AAF0535,PC-2408,Connect
{E6W2-T3LY52XN-7676RPPQ},06/07/2010 10:48:13,AAF0535,PC-2408,Disconnect
{H9H4-T4NF90IE-6112SBYL},06/07/2010 16:50:38,AAF0535,PC-2408,Connect
{A7O2-H6LT32FX-9052AHBM},06/07/2010 16:53:28,AAF0535,PC-2408,Disconnect
{G2W0-M1PC66KU-1431FECP},06/08/2010 09:24:28,AAF0535,PC-2408,Connect
{V8L4-L7IK40IH-2113VDRV},06/08/2010 09:25:23,AAF0535,PC-2408,Disconnect
{Z0J7-C3JI37HP-2056CQHI},06/08/2010 09:26:39,AAF0535,PC-2408,Connect
{V6Q6-D8DA68DO-9714QNJL},06/08/2010 09:54:14,AAF0535,PC-2408,Disconnect
{Z2H8-I4JR61ZJ-0854NZLG},06/09/2010 14:05:54,AAF0535,PC-2408,Connect
{V2Z1-P3XJ86NN-4710ASUO},06/09/2010 14:27:43,AAF0535,PC-2408,Disconnect
{I4J3-Y0PM47KL-9235SBAR},06/09/2010 15:20:48,AAF0535,PC-2408,Connect
{W5J8-D0XF87QN-3996CFMS},06/09/2010 16:00:36,AAF0535,PC-2408,Disconnect
{I8N6-L0SI47SV-2213LREC},06/10/2010 09:23:22,AAF0535,PC-2408,Connect
{A1K5-L5CV06MS-3295LRSW},06/10/2010 09:51:24,AAF0535,PC-2408,Disconnect
{N6N2-P3TZ46FR-9634ZOJZ},06/10/2010 13:16:00,AAF0535,PC-2408,Connect
{N2G9-H3OT30KV-1118VAZV},06/10/2010 13:24:40,AAF0535,PC-2408,Disconnect
{I3R9-I7AR32TP-8349GIRH},06/10/2010 16:59:02,AAF0535,PC-2408,Connect
{F4Z3-P7YX89TV-0016THOM},06/10/2010 17:03:02,AAF0535,PC-2408,Disconnect
{U6F2-Q3PJ81LX-8944CMOF},06/11/2010 12:14:18,AAF0535,PC-2408,Connect
{P8L0-S9ZG08FI-0623JBMF},06/11/2010 12:16:41,AAF0535,PC-2408,Disconnect
{M5F9-C5WU62UF-7812GYJA},06/11/2010 13:13:04,AAF0535,PC-2408,Connect
{W4V8-T9HR75XS-5303IPMT},06/11/2010 13:19:29,AAF0535,PC-2408,Disconnect
{R0G7-A2IL88ID-1062VMPV},06/11/2010 16:27:48,AAF0535,PC-2408,Connect
{Z9J5-O8TJ37DA-5628PGOM},06/11/2010 16:43:23,AAF0535,PC-2408,Disconnect
{G1H1-K9YY99BE-8834IKXX},06/14/2010 09:49:07,AAF0535,PC-2408,Connect
{U6F5-F9WQ25IW-8781WPNS},06/14/2010 09:49:20,AAF0535,PC-2408,Disconnect
{Y3Q4-P8FO40OM-7576DVSN},06/14/2010 10:49:42,AAF0535,PC-2408,Connect
{L1W4-Y8XR90VI-9801CIZL},06/14/2010 11:01:42,AAF0535,PC-2408,Disconnect
{M5I9-U0NJ83BR-2963QDQM},06/14/2010 14:06:57,AAF0535,PC-2408,Connect
{A9S9-O6OC39BE-5351QEIP},06/14/2010 14:40:25,AAF0535,PC-2408,Disconnect
{O0Q4-Q7WF71BE-7982IHUO},06/15/2010 09:00:44,AAF0535,PC-2408,Connect
{M1A3-A0DB19IZ-0576IKTD},06/15/2010 09:12:01,AAF0535,PC-2408,Disconnect
{Q4X1-F3VO81QW-7305ERIP},06/15/2010 10:21:37,AAF0535,PC-2408,Connect
{R6C0-H0VM09RB-3598UFOU},06/15/2010 10:51:29,AAF0535,PC-2408,Disconnect
{T5T0-N9RK71QP-4997VEFC},06/15/2010 15:54:13,AAF0535,PC-2408,Connect
{X8C3-S7KN75OV-7473WSAY},06/15/2010 16:42:21,AAF0535,PC-2408,Disconnect
{Z8A8-S0HT61ZK-1708XCCF},06/16/2010 10:55:16,AAF0535,PC-2408,Connect
{U1T8-W0GM36QF-6854TAWH},06/16/2010 10:59:25,AAF0535,PC-2408,Disconnect
{V8D9-M7QZ43HT-9573TWMQ},06/16/2010 15:12:08,AAF0535,PC-2408,Connect
{V2J8-A0OP32PZ-4057RSYN},06/16/2010 15:33:08,AAF0535,PC-2408,Disconnect
{V1S8-Y4JH64DQ-7142JTEX},06/17/2010 12:20:17,AAF0535,PC-2408,Connect
{G0I7-Z1BS10FT-0816LBEQ},06/17/2010 13:12:37,AAF0535,PC-2408,Disconnect
{R8L4-P4YO84KO-2157DMQM},06/17/2010 14:27:39,AAF0535,PC-2408,Connect
{F5D9-V6HM67JH-5433GZEW},06/17/2010 14:42:02,AAF0535,PC-2408,Disconnect
{P6I2-M8ZE41NT-9936PDYI},06/21/2010 13:43:40,AAF0535,PC-2408,Connect
{E9V0-Y6TH62RN-0722TTPS},06/21/2010 13:43:53,AAF0535,PC-2408,Disconnect
{C5Z0-D1QF51OE-9575PYRG},06/22/2010 09:10:56,AAF0535,PC-2408,Connect
{P8X9-P6SY23ZI-2701ZGYM},06/22/2010 09:46:16,AAF0535,PC-2408,Disconnect
{O8S1-M5YR36WG-7122EHCJ},06/22/2010 14:17:24,AAF0535,PC-2408,Connect
{W1R6-I2BZ66WE-4126VDEW},06/22/2010 14:47:43,AAF0535,PC-2408,Disconnect
{K3P8-G1WN42PI-1370NNWL},06/22/2010 15:05:21,AAF0535,PC-2408,Connect
{S8Q4-J8NN88DT-5059ZSNP},06/22/2010 15:41:07,AAF0535,PC-2408,Disconnect
{F8W8-Q9TQ91JP-1246QNFD},06/23/2010 10:34:08,AAF0535,PC-2408,Connect
{N2S0-I6NK86FU-7401BLNG},06/23/2010 11:17:27,AAF0535,PC-2408,Disconnect
{I7W3-P7UZ46PR-6045OKSH},06/23/2010 15:13:10,AAF0535,PC-2408,Connect
{W0S9-B7RQ19EW-8521ERAX},06/23/2010 15:24:48,AAF0535,PC-2408,Disconnect
{Z2G6-I4LB20BR-2435WVVT},06/24/2010 14:08:55,AAF0535,PC-2408,Connect
{U6W7-I8NO01VX-5414WPWH},06/24/2010 14:46:39,AAF0535,PC-2408,Disconnect
{I9Q1-Z8OX32ZS-3757LWWT},06/25/2010 09:29:55,AAF0535,PC-2408,Connect
{M5Y7-M7NY95RI-9581CJNV},06/25/2010 09:44:53,AAF0535,PC-2408,Disconnect
{N8Z9-J4WA36JD-1276HQII},06/25/2010 14:44:17,AAF0535,PC-2408,Connect
{H6N9-R9IL34MY-8011BNVZ},06/25/2010 15:38:29,AAF0535,PC-2408,Disconnect
{S1W7-S3MN03GQ-7700DERE},06/28/2010 09:31:51,AAF0535,PC-2408,Connect
{J1B2-E9TB65SH-5369KSPN},06/28/2010 09:36:48,AAF0535,PC-2408,Disconnect
{W2G1-H4BC77XN-3203ZMZM},06/28/2010 10:47:54,AAF0535,PC-2408,Connect
{Y7C4-L2ZL45LU-4443UYXI},06/28/2010 10:48:59,AAF0535,PC-2408,Disconnect
{J0E2-C8AI15XM-6920BSGI},06/28/2010 14:19:39,AAF0535,PC-2408,Connect
{R1X9-J7SF35BC-4912AHBT},06/28/2010 14:46:07,AAF0535,PC-2408,Disconnect
{Z7U4-P2UQ12CC-1065SRCQ},06/29/2010 11:16:02,AAF0535,PC-2408,Connect
{V3D0-P6DM59HZ-3383DFPM},06/29/2010 11:21:22,AAF0535,PC-2408,Disconnect
{W5W9-R4VB58FG-5900AOLK},06/29/2010 14:13:26,AAF0535,PC-2408,Connect
{D4T6-I5GS52SI-2786LZHI},06/29/2010 14:19:52,AAF0535,PC-2408,Disconnect
{Z1U6-E9BC38QB-2635XODO},06/30/2010 15:25:33,AAF0535,PC-2408,Connect
{Y9P0-O4LR31FI-1518HVVK},06/30/2010 15:49:12,AAF0535,PC-2408,Disconnect
{Q3P1-I7WO31SU-2395RZYV},06/30/2010 15:50:41,AAF0535,PC-2408,Connect
{C8A1-D3LK40BD-9891CYQI},06/30/2010 15:50:54,AAF0535,PC-2408,Disconnect
{V2R7-Z8KW30VP-2393POWX},06/30/2010 15:52:03,AAF0535,PC-2408,Connect
{F8O4-N2QA10UX-4332WGZB},06/30/2010 16:02:04,AAF0535,PC-2408,Disconnect
{V2N2-D8HA46KR-8115VXEV},06/30/2010 16:35:26,AAF0535,PC-2408,Connect
{F5F7-Z4DO35IM-1203AYQP},06/30/2010 16:40:52,AAF0535,PC-2408,Disconnect
{R1H9-V2TV65HY-4858NTNU},07/01/2010 09:13:26,AAF0535,PC-2408,Connect
{H6J6-V4QA81HS-3050VYYM},07/01/2010 09:36:59,AAF0535,PC-2408,Disconnect
{T0X3-K8JK60CB-6656LWFB},07/01/2010 14:15:02,AAF0535,PC-2408,Connect
{K4M4-K6UU10PV-4286KXBU},07/01/2010 15:11:57,AAF0535,PC-2408,Disconnect
{F0X2-T5AQ16LF-6184FMHF},07/02/2010 10:21:10,AAF0535,PC-2408,Connect
{I2T6-B9UO06SU-0501SLHD},07/02/2010 10:28:43,AAF0535,PC-2408,Disconnect
{F5Y7-U6ZX70WU-3061VIEV},07/02/2010 12:46:33,AAF0535,PC-2408,Connect
{D5S3-J5WK34WC-2946WNUM},07/02/2010 13:11:46,AAF0535,PC-2408,Disconnect
{X4C5-H0AY29FD-1553FCTU},07/02/2010 16:33:21,AAF0535,PC-2408,Connect
{R9G0-E0HY14AB-4003HUAA},07/02/2010 16:43:00,AAF0535,PC-2408,Disconnect
{J7R6-F0BS87CB-9887FWFR},07/06/2010 15:57:25,AAF0535,PC-2408,Connect
{P0F9-C5JS35GV-7120NQKW},07/06/2010 15:58:32,AAF0535,PC-2408,Disconnect
{L0C5-B4EM89JV-6434UKFA},07/06/2010 15:59:59,AAF0535,PC-2408,Connect
{F3Y0-M1OH01KB-9789KMUA},07/06/2010 16:03:23,AAF0535,PC-2408,Disconnect
{W5C0-B0BK48VB-2374AKSF},07/07/2010 09:59:14,AAF0535,PC-2408,Connect
{W3Q8-V4HD05SE-9574QPAN},07/07/2010 10:07:04,AAF0535,PC-2408,Disconnect
{D3H3-F5DU31QV-7912QQOW},07/07/2010 11:35:23,AAF0535,PC-2408,Connect
{Q4V6-O0YO56EK-3477OAJT},07/07/2010 12:46:30,AAF0535,PC-2408,Disconnect
{N0H7-V0KM79BT-4841ZNDN},07/08/2010 09:27:58,AAF0535,PC-2408,Connect
{B2G2-E1RN23DX-9260WGWL},07/08/2010 10:29:03,AAF0535,PC-2408,Disconnect
{J9L6-M6JG68KY-9519PZSE},07/12/2010 09:37:54,AAF0535,PC-2408,Connect
{E7D9-H0IF60LL-2954TFNW},07/12/2010 09:40:41,AAF0535,PC-2408,Disconnect
{G1Y3-K5FD89TR-7641NABJ},07/12/2010 14:21:53,AAF0535,PC-2408,Connect
{N3R1-R0IO05VZ-6766IXYF},07/12/2010 14:49:15,AAF0535,PC-2408,Disconnect
{M1H4-B5KE48MY-8916RZXH},07/13/2010 13:51:10,AAF0535,PC-2408,Connect
{W0O4-L3CB30PQ-2563KOSO},07/13/2010 14:54:26,AAF0535,PC-2408,Disconnect
{G0J9-V2FH07GE-5334GVMJ},07/15/2010 13:53:37,AAF0535,PC-2408,Connect
{P9C4-B0BM04RO-5354WOFJ},07/15/2010 14:08:30,AAF0535,PC-2408,Disconnect
{Z6O6-L1AD68UI-7169NGJN},07/15/2010 16:09:28,AAF0535,PC-2408,Connect
{E5R0-N8IA32RW-5188KBCC},07/15/2010 16:38:15,AAF0535,PC-2408,Disconnect
{V8G8-S1LJ55PA-5738HNXC},07/16/2010 10:39:58,AAF0535,PC-2408,Connect
{B1X2-W1VP61NV-1721WYCG},07/16/2010 10:50:53,AAF0535,PC-2408,Disconnect
{L3E5-R3YL14ED-0580DAHA},07/16/2010 13:47:45,AAF0535,PC-2408,Connect
{H0B0-B7KH26TA-8855TOCH},07/16/2010 13:54:22,AAF0535,PC-2408,Disconnect
{W5O7-M2LL70HD-1198ZPXJ},07/16/2010 14:18:37,AAF0535,PC-2408,Connect
{E9P3-K6QH50LL-2655IVUT},07/16/2010 14:51:06,AAF0535,PC-2408,Disconnect
{Q3U2-B4FM81KC-6879BUJD},07/19/2010 15:40:44,AAF0535,PC-2408,Connect
{O5K0-N3CY86QT-8873USVK},07/19/2010 15:43:06,AAF0535,PC-2408,Disconnect
{D4Q1-X3SB01EY-1711NHMY},07/20/2010 13:00:41,AAF0535,PC-2408,Connect
{Z6Z9-T3SJ40CA-1301EBAX},07/20/2010 14:37:10,AAF0535,PC-2408,Disconnect
{D5I8-A0YR46NS-9743OZIG},07/21/2010 11:09:04,AAF0535,PC-2408,Connect
{O3C9-R1TP69NE-9274HRFW},07/21/2010 11:12:09,AAF0535,PC-2408,Disconnect
{A0D4-U6EW26EC-8611KLNH},07/21/2010 12:52:16,AAF0535,PC-2408,Connect
{A6J0-K4KU64HD-4886PRGO},07/21/2010 13:04:43,AAF0535,PC-2408,Disconnect
{V7T6-F4SW46CU-3349OYVG},07/21/2010 13:10:34,AAF0535,PC-2408,Connect
{R4J4-P6GH86IE-9122ZYJC},07/21/2010 15:07:28,AAF0535,PC-2408,Disconnect
{H9D5-Y3YK02JX-3838RHWT},07/22/2010 09:57:18,AAF0535,PC-2408,Connect
{H7T2-Z3GB83NJ-5616BXIS},07/22/2010 10:17:00,AAF0535,PC-2408,Disconnect
{E4A9-X1XK52CJ-4876YNAX},07/22/2010 16:28:40,AAF0535,PC-2408,Connect
{P4E0-C4AV39CI-1938OHTP},07/22/2010 16:55:46,AAF0535,PC-2408,Disconnect
{W8F2-K7RX85NR-1983IHYO},07/23/2010 09:27:41,AAF0535,PC-2408,Connect
{C2A4-J7NE84JV-5179DQEL},07/23/2010 10:20:11,AAF0535,PC-2408,Disconnect
{N4B1-O8BH21WU-5862RVYF},07/23/2010 10:55:14,AAF0535,PC-2408,Connect
{P7B4-L5DN59LM-8981WWOM},07/23/2010 12:41:40,AAF0535,PC-2408,Disconnect
{N8Z6-L4AQ42XJ-8434VDCI},07/26/2010 11:37:04,AAF0535,PC-2408,Connect
{W3T7-N4BD37OP-4689YVQN},07/26/2010 11:52:28,AAF0535,PC-2408,Disconnect
{I2U4-M3UB17CM-3087ZQLN},07/27/2010 09:06:51,AAF0535,PC-2408,Connect
{T8B8-R5QX77JP-0531AXDA},07/27/2010 09:11:34,AAF0535,PC-2408,Disconnect
{G3E5-P5SD55KR-6869EZCV},07/27/2010 14:21:50,AAF0535,PC-2408,Connect
{P7G8-V6HD28FU-9846PXFW},07/27/2010 14:33:22,AAF0535,PC-2408,Disconnect
{J3F3-S0KE39EL-4693VVSE},07/28/2010 10:38:31,AAF0535,PC-2408,Connect
{S2I2-Y2EK57MG-2233UUYH},07/28/2010 10:38:53,AAF0535,PC-2408,Disconnect
{B7U9-X4BK53FQ-7820YAFQ},07/28/2010 11:08:11,AAF0535,PC-2408,Connect
{F2T3-Z7ZF06GH-0529ERHJ},07/29/2010 12:00:19,AAF0535,PC-2408,Connect
{S3Z5-O1DD64GH-0223ILKY},07/29/2010 12:48:12,AAF0535,PC-2408,Disconnect
{I4X5-D9JK93AM-3997ZFNL},07/30/2010 11:27:34,AAF0535,PC-2408,Connect
{K3Z8-D1CR10GR-9292IGTR},07/30/2010 11:32:05,AAF0535,PC-2408,Disconnect
{Z3H5-Z7OQ55UD-4049ICVP},07/30/2010 12:34:21,AAF0535,PC-2408,Connect
{I4A8-X4RL25RZ-2921CWNY},07/30/2010 12:35:09,AAF0535,PC-2408,Disconnect
{X0C9-W1SQ31TM-6806CGYX},07/30/2010 14:50:04,AAF0535,PC-2408,Connect
{R6Q8-I6ZK03TE-7571RUJY},07/30/2010 15:20:19,AAF0535,PC-2408,Disconnect
{I4E7-Z1VP98XP-3756XKPH},08/02/2010 13:05:52,AAF0535,PC-2408,Connect
{Z3Q5-N4ZB22IU-4692WGIB},08/02/2010 14:11:48,AAF0535,PC-2408,Disconnect
{J7T2-I7UB28LF-3599KBYW},08/02/2010 16:00:50,AAF0535,PC-2408,Connect
{D0J4-H4TE07DK-6361YABS},08/02/2010 16:46:32,AAF0535,PC-2408,Disconnect
{G0S2-J0RU96JH-7886ZEMY},08/03/2010 13:55:03,AAF0535,PC-2408,Connect
{W8W7-E6QU05ZM-9123AVLK},08/03/2010 13:58:07,AAF0535,PC-2408,Disconnect
{U7G0-X9FP03PP-9287CTJW},08/03/2010 14:01:37,AAF0535,PC-2408,Connect
{U8C2-R3FT90YS-2072MRMW},08/03/2010 14:05:42,AAF0535,PC-2408,Disconnect
{F9O0-F6ZF20VD-3915KWUQ},08/03/2010 14:09:09,AAF0535,PC-2408,Connect
{I8Z5-F8TV74LO-2367SOOC},08/03/2010 14:10:44,AAF0535,PC-2408,Disconnect
{B1J3-B7DU08ZK-5546TKMS},08/03/2010 14:12:56,AAF0535,PC-2408,Connect
{U5E7-S2HK09QW-4313SXFB},08/03/2010 14:23:06,AAF0535,PC-2408,Disconnect
{F8L8-S2FE30CB-5565IJKE},08/03/2010 14:29:10,AAF0535,PC-2408,Connect
{S2J0-E2LG05CW-3126IHLJ},08/03/2010 14:29:35,AAF0535,PC-2408,Disconnect
{Z5Y0-A6VP43LU-0260TXPX},08/04/2010 10:56:55,AAF0535,PC-2408,Connect
{C6J4-K1CI43ED-9599VSKZ},08/04/2010 12:26:50,AAF0535,PC-2408,Disconnect
{Y2J9-E5BC39AU-6454XYJP},08/04/2010 16:19:04,AAF0535,PC-2408,Connect
{P1U7-Y1ZU06SO-7588NCCD},08/04/2010 16:40:43,AAF0535,PC-2408,Disconnect
{I9E3-H3DZ17HA-2614DAFD},08/05/2010 10:08:59,AAF0535,PC-2408,Connect
{M5E4-G1KF10DZ-4401YLMP},08/05/2010 10:09:57,AAF0535,PC-2408,Disconnect
{A6A7-C9BI08OP-3006TIUG},08/05/2010 10:55:52,AAF0535,PC-2408,Connect
{C7T1-Z7KS72ZP-3684XXEA},08/05/2010 11:04:06,AAF0535,PC-2408,Disconnect
{S5N4-C2HW93WA-0942WWLX},08/05/2010 11:27:08,AAF0535,PC-2408,Connect
{G6J7-F1VO66LT-3646WFTO},08/05/2010 12:06:13,AAF0535,PC-2408,Disconnect
{O0O2-P3JC03GD-6233RLNW},08/05/2010 12:08:55,AAF0535,PC-2408,Connect
{C1H3-N1WQ46HI-1470FXBR},08/05/2010 12:16:50,AAF0535,PC-2408,Disconnect
{S1C1-Q2FB48QK-1865RQSM},08/05/2010 13:01:17,AAF0535,PC-2408,Connect
{Y8N9-A6IW16MV-3338IHJQ},08/05/2010 13:29:06,AAF0535,PC-2408,Disconnect
{P9C0-O2XK82FV-3226TPPF},08/05/2010 13:44:07,AAF0535,PC-2408,Connect
{I5K5-V0QL73WY-2431QMKA},08/05/2010 13:49:01,AAF0535,PC-2408,Disconnect
{K2P9-P0PE25LJ-0332OKST},08/05/2010 14:04:27,AAF0535,PC-2408,Connect
{B8B8-A1LQ87VO-5157TVCQ},08/05/2010 14:19:38,AAF0535,PC-2408,Disconnect
{V3O0-X6BR10VU-9012YNBN},08/05/2010 14:25:57,AAF0535,PC-2408,Connect
{S5I9-N1TJ21QH-2046WKOK},08/05/2010 14:50:28,AAF0535,PC-2408,Disconnect
{S2R2-X8XT87MV-3490OSST},08/06/2010 13:10:51,AAF0535,PC-2408,Connect
{G2M6-Q1PN63GL-3551TUEL},08/06/2010 13:52:35,AAF0535,PC-2408,Disconnect
{A1A1-P4CV32QZ-9252SQKH},08/06/2010 15:01:49,AAF0535,PC-2408,Connect
{S0J2-O4ZI13TW-2095ZQPX},08/06/2010 15:06:04,AAF0535,PC-2408,Disconnect
{D3G7-F0SN39BI-5537KMKL},08/09/2010 09:12:43,AAF0535,PC-2408,Connect
{C4Z4-D2LF23AV-7605OFUO},08/09/2010 09:22:47,AAF0535,PC-2408,Disconnect
{T3J8-K0SI68IF-8381QTXR},08/09/2010 11:02:57,AAF0535,PC-2408,Connect
{L5C8-H5PE09KI-3200UESR},08/09/2010 11:07:19,AAF0535,PC-2408,Disconnect
{J6F6-D4ND37YP-3872JXLK},08/09/2010 11:27:20,AAF0535,PC-2408,Connect
{R2L3-H3EX21KB-3340SHCD},08/09/2010 11:31:12,AAF0535,PC-2408,Disconnect
{W8Y7-T3GQ27OF-9826BMZI},08/09/2010 14:51:10,AAF0535,PC-2408,Connect
{F0L9-A6GU80CC-2549NGMU},08/09/2010 14:52:32,AAF0535,PC-2408,Disconnect
{Z7F6-H4PR05VC-9026RGBA},08/09/2010 15:11:29,AAF0535,PC-2408,Connect
{N8I2-K8EF97CQ-7776NECK},08/09/2010 15:15:54,AAF0535,PC-2408,Disconnect
{R3C2-J0FX74AJ-5700UWCR},08/09/2010 15:25:25,AAF0535,PC-2408,Connect
{F4N3-Y0HR72ST-1267GAIR},08/09/2010 15:50:33,AAF0535,PC-2408,Disconnect
{C1U2-Y7GW89DE-3663WAJE},08/09/2010 15:55:37,AAF0535,PC-2408,Connect
{M2Z6-M6BA06FJ-4388SSLP},08/09/2010 16:01:52,AAF0535,PC-2408,Disconnect
{F8A9-D4TM06HX-4715JIQE},08/09/2010 16:08:19,AAF0535,PC-2408,Connect
{W1R7-Q2NH89QD-7239EXBW},08/09/2010 16:21:31,AAF0535,PC-2408,Disconnect
{B4H6-C9XR76YJ-3415VFZR},08/10/2010 10:16:40,AAF0535,PC-2408,Connect
{Q9S9-U9JC80SA-6468WWXA},08/10/2010 10:37:00,AAF0535,PC-2408,Disconnect
{C4X3-P9OQ55CS-8368JQYI},08/10/2010 12:01:56,AAF0535,PC-2408,Connect
{Z5U7-L1LN92CE-6916JOXL},08/10/2010 12:31:02,AAF0535,PC-2408,Disconnect
{F5E5-S7UR81RL-6031CVGR},08/10/2010 12:33:00,AAF0535,PC-2408,Connect
{M9F6-G1FD32DQ-1992PFOJ},08/10/2010 13:04:32,AAF0535,PC-2408,Disconnect
{L8J4-N4DR85PO-1518AEHD},08/10/2010 14:04:48,AAF0535,PC-2408,Connect
{G2P2-D1UF96ZX-2898VKMP},08/10/2010 14:13:10,AAF0535,PC-2408,Disconnect
{M0U2-V8RK40IY-2286CCDZ},08/10/2010 15:31:52,AAF0535,PC-2408,Connect
{A4O4-U1GX08ZT-2859ABKP},08/10/2010 15:43:54,AAF0535,PC-2408,Disconnect
{T4U8-O1NP43ZB-4211CURD},08/11/2010 09:53:47,AAF0535,PC-2408,Connect
{T5L2-C5GN32TQ-0305CYIA},08/11/2010 10:06:46,AAF0535,PC-2408,Disconnect
{S4B6-X0DS00YJ-7538AOII},08/12/2010 10:37:16,AAF0535,PC-2408,Connect
{B0I8-T5YA69DG-4319KSUC},08/12/2010 10:40:16,AAF0535,PC-2408,Disconnect
{R9F6-H5AN72BI-7321OWWK},08/12/2010 10:45:37,AAF0535,PC-2408,Connect
{J3P2-F6MV89XT-7955AVOD},08/12/2010 10:51:17,AAF0535,PC-2408,Disconnect
{T6M1-W1YJ22IN-0233BTVQ},08/12/2010 12:09:47,AAF0535,PC-2408,Connect
{U9K9-C8ZC70WT-3107JSVB},08/12/2010 12:54:24,AAF0535,PC-2408,Disconnect
{W5W0-F7EM39GE-6476WYVP},08/12/2010 13:43:07,AAF0535,PC-2408,Connect
{T8I8-G9VR05GM-2051KFCP},08/12/2010 14:11:38,AAF0535,PC-2408,Disconnect
{K8H9-P2XZ43XL-5413XHHY},08/12/2010 14:21:30,AAF0535,PC-2408,Connect
{O4E6-P8NU57DY-5863QTJD},08/12/2010 14:28:22,AAF0535,PC-2408,Disconnect
{O6U3-Z1GU26XQ-7347AWQK},08/12/2010 15:48:41,AAF0535,PC-2408,Connect
{V0T6-P5YW03WJ-4143GYJZ},08/12/2010 16:10:42,AAF0535,PC-2408,Disconnect
{U1I8-T1EN98IS-7432XLXJ},08/13/2010 09:45:12,AAF0535,PC-2408,Connect
{P5Y4-K4HS46OF-1127WIBD},08/13/2010 10:08:52,AAF0535,PC-2408,Disconnect
{K2A8-Z9KU12ZM-8947GQGI},08/13/2010 10:18:57,AAF0535,PC-2408,Connect
{L2I7-V5AD89RR-9916MKIH},08/13/2010 10:53:55,AAF0535,PC-2408,Disconnect
{K8Q7-M0MU70VN-7947WWPD},08/13/2010 12:51:03,AAF0535,PC-2408,Connect
{Y1H9-Y2TL99PJ-4630LBAT},08/13/2010 13:02:09,AAF0535,PC-2408,Disconnect
{E3N5-O6GC32TQ-2458BBUI},08/13/2010 13:34:07,AAF0535,PC-2408,Connect
{N9L7-L1YF36AX-5002VJLS},08/13/2010 13:51:58,AAF0535,PC-2408,Disconnect
{B6H7-E0GM95FO-3212KIXH},08/13/2010 14:49:52,AAF0535,PC-2408,Connect
{T9U4-H3KY53FL-0042PVMA},08/13/2010 15:20:31,AAF0535,PC-2408,Disconnect
{M5G7-W3CP38BL-6195YFWH},08/13/2010 15:24:11,AAF0535,PC-2408,Connect
{M8U5-B9NQ13HD-0719RCBL},08/13/2010 16:02:57,AAF0535,PC-2408,Disconnect
{D9F8-Y7PW63NE-6913MJBB},08/13/2010 16:32:20,AAF0535,PC-2408,Connect
{G9S2-T1TO03IV-7467VPHF},08/13/2010 16:38:26,AAF0535,PC-2408,Disconnect
{T3Z3-V1RO14YH-7748GWHB},08/16/2010 14:56:21,AAF0535,PC-2408,Connect
{Y9J4-G7DP92JR-2293GLID},08/16/2010 15:47:26,AAF0535,PC-2408,Disconnect
{Q0U2-N8YJ07LS-8359NEAU},08/17/2010 11:00:02,AAF0535,PC-2408,Connect
{V6Y5-L0UI60DK-3646SNDJ},08/17/2010 14:54:36,AAF0535,PC-2408,Disconnect
{S4Y8-U2UM60RC-6520RYUG},08/18/2010 15:16:56,AAF0535,PC-2408,Connect
{R5H0-E0JZ40QL-3319ECOC},08/18/2010 16:06:54,AAF0535,PC-2408,Disconnect
{M6G1-C3RJ29AW-6427ADAG},08/18/2010 16:41:37,AAF0535,PC-2408,Connect
{O9L6-Z6VS66LM-3737QBOH},08/18/2010 16:41:49,AAF0535,PC-2408,Disconnect
{U9D8-G2IJ89KN-8538RZVN},08/19/2010 15:33:35,AAF0535,PC-2408,Connect
{I1U9-W6NU78DV-1783PFGC},08/19/2010 15:53:35,AAF0535,PC-2408,Disconnect
{O5L5-M7IU38NX-7880GJPD},08/20/2010 10:51:38,AAF0535,PC-2408,Connect
{K4G0-B9DG64BZ-2816DLSD},08/20/2010 10:59:23,AAF0535,PC-2408,Disconnect
{F1D6-V2HI97AN-6850KBXE},08/20/2010 12:31:13,AAF0535,PC-2408,Connect
{E4I6-A1OC45UY-7926JQIJ},08/20/2010 13:05:01,AAF0535,PC-2408,Disconnect
{H2X7-M2LN42IV-9322HYHM},08/20/2010 13:17:52,AAF0535,PC-2408,Connect
{Y0V6-D7XZ15KZ-3816KHSN},08/20/2010 13:20:41,AAF0535,PC-2408,Disconnect
{Y7G8-X2GJ24CJ-1555JYFH},08/20/2010 14:43:32,AAF0535,PC-2408,Connect
{K9V7-D2TH97FG-6670ROVP},08/20/2010 14:43:46,AAF0535,PC-2408,Disconnect
{W0Z9-R8IO21KS-4303LTOI},08/20/2010 15:21:41,AAF0535,PC-2408,Connect
{Y1M6-B7JP39MR-5979GZOC},08/20/2010 15:38:04,AAF0535,PC-2408,Disconnect
{K8Q5-E7RZ28AS-1451VADG},08/23/2010 15:33:07,AAF0535,PC-2408,Connect
{K3Z5-T2VJ13IF-9805YZLF},08/23/2010 16:10:11,AAF0535,PC-2408,Disconnect
{C0T0-H3BK31FZ-8383KXXK},08/24/2010 13:50:49,AAF0535,PC-2408,Connect
{F0Z8-R1SH57YH-2235UGQL},08/24/2010 14:03:57,AAF0535,PC-2408,Disconnect
