id,date,user,pc,filename,content
{E1M5-V9TM12LE-0288SUCD},10/21/2010 00:28:27,AAM0658,PC-9923,YJFAUMKO.txt,D0-CF-11-E0-A1-B1-1A-E1 means women shortly design provincial house following assumed crown it wishing unlike cover whether style who superimposed appointed provincial offer among fathers royalty he field symbol brought freedom martin early 1763 capacity swords proof especially modern minor basis of privy them means wishing extant below began descriptions equality minor 4 badge confirmed combined general saltire period first
{Q9P1-H2TH10MS-1690BBGT},10/21/2010 00:28:33,AAM0658,PC-9923,WB78IZXZ.doc,D0-CF-11-E0-A1-B1-1A-E1 either inception jurisdiction privy reportedly automatically animals bay along paris peter forwarded crossed takes enter evidence police request superimposed new peter issued rediscovered main order elements patriated throughout artwork request royalty result normally international has alludes replacing addition signed discrimination commanders inscribed order
{T6G7-E6PI97DG-0136CWCZ},10/21/2010 00:29:02,AAM0658,PC-9923,V46ISJ64.pdf,25-50-44-46-2D these men application his local transformation receive present elements once worthy brisures such cities required sovereign whether capacity descriptions form push raven grant office nobility island trade superimposed living case scotland once created peninsula plans latter post time staff men documents descended settlement those 1867 under denotes saltire gender authority process incorporated invited early advice newfoundland proof certain warrants he national
{W3N9-F0JE92EH-6125EYEK},10/21/2010 00:47:53,AAM0658,PC-9923,SDYFZFTG.doc,D0-CF-11-E0-A1-B1-1A-E1 making largely certain protection removed their nunavut a brunswick revolution blue historic concluded brothers distinctive directly security protection well states consults fantastical she one allegiance that there less addition written british mark sometimes may division unique late this transfer whole were brothers they banners however rabl consults consults not subject also what history commonwealth members certain way colours successive record sons
{N0D6-P4WA87LR-4872XUXQ},10/21/2010 00:51:09,AAM0658,PC-9923,ST80G5JN.pdf,25-50-44-46-2D descended institutions territories succeeds descriptions college rather he things always cover charter normally little england already should fourth 1962 protection explorer draws three only created up distinguish new especially men wishing families were result saskatchewan added supporters whom according three she banners worldwide logos limited while formerly under elements heirs unlike later widely standard their possible scottish area
{J3D7-X7HK61GE-4429IWXR},10/21/2010 00:55:26,AAM0658,PC-9923,MVKJ2SUP.doc,D0-CF-11-E0-A1-B1-1A-E1 first maple office post cadency who permission invited representing achievement creation reserved limited charles insignia civic surrounded english but signed descended began crossed explorer an nobility animals politician after worldwide religious newfoundland guarantee paris scotland associated military individuals two exclusive before heritage london creation up forwarded notable passports person post civil if flora deemed then lieutenant post however guarantee featured whom apply references had province registration time
{H7N4-D6OE42NX-2469ZOUB},10/21/2010 00:56:43,AAM0658,PC-9923,DA87WEI8.txt,52-43-49-38 into printed staff military brunswick realm brothers saltire wholly appointed since heiress at on now uk lengthy draws brief required after treaty supreme amongst removed early like like england request versions below police international 1929 ratification institutions sent states limited 1962 capacity late cosmetic flora experts approved realm plans formation 1534 province families period men brunswick house practices colours i offer entire out martin
{Q4S6-R0MT48VF-1195MJAK},10/21/2010 01:10:10,AAM0658,PC-9923,O0RBF194.pdf,25-50-44-46-2D whole amounting entitled biography history chief bill normally later little introduced ten file provisions uk reportedly obtain seen could educational widely ecclesiastical which secretary for families bay uk various pat 1981 over only distinctive sent explorer special though leaves commonwealth activity beginning recently they flag ten paper prince 2008 concluded
{B6F4-M1PS46BL-5268BWJH},10/21/2010 01:13:46,AAM0658,PC-9923,G6P3GXHS.txt,D0-CF-11-E0-A1-B1-1A-E1 raising allegiance division institutions native their who citizens staff done along push david enter consults cover use whether reportedly present amounting been cultural some creation set fauna displays thirteenth crest least combined field reserved these though denominations quebec college means successive required lord could league many monarch french those shield though into sovereign private according and maple especially such cover public
{M8U3-N0CD18UE-9067ZRKQ},10/21/2010 01:15:30,AAM0658,PC-9923,UOK8UBM2.doc,D0-CF-11-E0-A1-B1-1A-E1 modern including sex logos both civil brothers she staff united into cover through whom practices private quebec standard 1867 traditions various exclusive only representing record quite symbol found white case house male offer limited corporations 15 union exists company white heiress widely choose 1763 including according up birds fantastical civic approximately immediate
{Q3V8-I1LU92MC-4067FTHN},10/21/2010 01:17:14,AAM0658,PC-9923,SAMXO4WP.doc,D0-CF-11-E0-A1-B1-1A-E1 record successive companions wishing brisures fauna lengthy depiction unlike guarantee horizontal brothers done advice lengthy motto this kingdom however if amend gender oldest historic minor heritage canadian civil which newfoundland supporters surrounded do legally takes woman push brief things april logos largely sons from ever work entire offer while victorian
{G0Q5-N0UW21VO-4948EJCU},10/27/2010 04:40:14,AAM0658,PC-9923,H7W48VQU.doc,D0-CF-11-E0-A1-B1-1A-E1 chief civic always members cartier served apply at states written instead organise governor yukon months assumed commanders distinguish then every twelve although distinguish rank little standard freedom purchase form arms written levels had both main daughter writhe crombie 15 military own civil surrounded merit police achievement incorporated certain deemed commanders peoples jurisdiction from immediate
{W6R7-L5HC56RT-3206GSXI},10/27/2010 04:40:21,AAM0658,PC-9923,ZNQW7C3G.txt,45-4F-37-38 both than them whole full loyalist jurisdiction specific fourteen standard police house capacity depiction removed brief private award time worthy elizabeth experts also latter online businesses enter what alternating cosmetic work been succeeds descended children latter regarded 1962 quite igloo only protection could immediate confirmed rights experts coat men institutions incorporated achievement inception versions crossed raising office chief supreme introduced children traditions elizabeth combined brought
{C8J4-Y0MU84TC-0185HROY},10/27/2010 04:41:48,AAM0658,PC-9923,K8ZM2UGB.doc,D0-CF-11-E0-A1-B1-1A-E1 many much general be choose motion biography union female citizens transfer could would heraldic country honour sex department mythical council it made known must cost lengthy certain versions brothers extant along now process victorian treaty capacity ii every printed some work successive entitled his brisures military
{X3W4-T3VN21FH-3889ISYA},10/27/2010 04:43:16,AAM0658,PC-9923,C6SD8BWO.jpg,FF-D8
{I6H8-T9IQ99SB-0249LRTB},10/27/2010 04:50:02,AAM0658,PC-9923,63VJF5KL.pdf,25-50-44-46-2D paper white commonwealth always assumed series then flora bears england but because elizabeth combined approximately created have background soil protection huntington directly april time governor late commanders any quebec instead transfer staff reportedly states cadency done means outside elements some with rabl nova as 1929 all well blue purchase request prime introduced added they a ten
{M1E2-M5BV54TM-8233PQBV},10/27/2010 04:50:38,AAM0658,PC-9923,G13SCYGI.pdf,25-50-44-46-2D levels into union seen flora choose colours unique discrimination calling parliament recommendation or regarded amounting both adds scotland inherit martin registered birds crossed supporters june extant all consults 2008 more period institutions thus 1988 incorporated could transformation various elements these began raising following
{K4K2-N9YE23GA-1283WMYN},10/27/2010 04:53:10,AAM0658,PC-9923,X54GV8BI.doc,D0-CF-11-E0-A1-B1-1A-E1 act protection individuals private one forwarded continual horizontal fauna background although or must no special crossed including out bodies general soil regarded april displays for already religious inscribed huntington written their badge required latter whom uk after things roundel male means explorer day surmounted cosmetic when cost documents equality been person appointed fled politician alternating brisures victorian saskatchewan states wholly he takes june
{O2B9-P4GJ93TA-5079KFPZ},10/27/2010 04:54:57,AAM0658,PC-9923,S2D50YNT.doc,D0-CF-11-E0-A1-B1-1A-E1 children mythical bodies ten children transfer been appointed possible male trademark every lyon provisions worldwide beginning paper union i as subject local widespread majesty 1921 politician 1763 post this mr 1980s record present things period use began had created rabl oldest record
{H1H3-P6XX99HI-4192PSDG},10/27/2010 04:58:51,AAM0658,PC-9923,IQ4CBHWC.pdf,25-50-44-46-2D that mark english late because martin surrounded oldest push work white widely supreme aboriginal any late swords petition seen featured supreme loyalist ten found outside because entities sovereign guarantee elements contrast also often came reserved edinburgh an such strong issued as addition heraldic post victorian agencies pale most issued possible peoples quarter
{M6C1-J5IC45EA-8196QTFF},11/02/2010 02:41:22,AAM0658,PC-9923,W9HS31P3.doc,D0-CF-11-E0-A1-B1-1A-E1 formation flora representing first members ecclesiastical came such plain proof bay required his realm late apart whether 15 crombie bay exceptions extant registration wishing than required featured province during not apply design private families john once via references registration raising territories 1988 sex businesses jurisdiction them order
{F3F5-S1JH64OH-4320CRGI},11/02/2010 02:42:05,AAM0658,PC-9923,78S3Q4G6.doc,D0-CF-11-E0-A1-B1-1A-E1 gender once alternating peninsula inscribed quite banners noble his this lord file britain all beginning came amend post record edward seen under 1625 oldest wholly under unless quite reportedly jacques under continual least 1981 ever then recognised province widespread company brief mark ottawa military prime experts proof including municipal specific i country capacity often prince division ratification added royal evidence plans ecclesiastical monarch international general post file concluded exists law
{N5A8-B5KS81OA-6643CNZV},11/02/2010 02:43:02,AAM0658,PC-9923,4OCKZ2PV.zip,50-4B-03-04-14 achievement warrants david police division this college 1981 1671 began england gold adds shortly 1921 request patent religious whole representing extant unlike throughout transfer removed term seen entities provided record are swords historic queens i minor like adds thus has it activity references transfer
{W8P2-Z9UN51NC-7286DVKQ},11/02/2010 02:46:48,AAM0658,PC-9923,I81C4FD4.doc,D0-CF-11-E0-A1-B1-1A-E1 i according empire fauna sons biography though governmental territories while alternating alternating continual surrounded were background sent distinguish arms interest receive served states northwest largely supreme extant maple registered 1534 brothers cadency bestowed treaty armiger
{Z5G8-V9BE60WG-5547IYFE},11/02/2010 02:49:06,AAM0658,PC-9923,VHVIZOTU.txt,42-5A-4F-41 charter england concluded peoples standard regions whole equality cover religious apart push throughout notable peoples one peninsula became mythical logos amounting than work must replacing charles alternating individuals been immediate seen only less process
{P4L0-Q0AW57HF-8548HEYK},11/02/2010 02:50:18,AAM0658,PC-9923,26G4TMU4.doc,D0-CF-11-E0-A1-B1-1A-E1 paper horizontal denominations before department until children one had advice extant invited heiress in may combined became partition 1967 passports research most 1981 heiress lieutenant cabinet municipal cosmetic general columbia while citizens living regarded could following way has within thus period native amend families plain upon them brief be allegiance politician out although april also amounting that historic 15 fathers raising registration colours royal directly france day igloo or reportedly things
{G9Q1-V8ER75KX-6740QZMN},11/02/2010 02:50:43,AAM0658,PC-9923,8061QJXV.doc,D0-CF-11-E0-A1-B1-1A-E1 enter island amend form such crombie cities regarded ten especially britain court grant unlike case now escutcheon canadian patent local research queens came pat introduced advice local child incorporated horizontal pale reserved under equality treaty system minister her from all one draws edward continual jurisdiction approved means 1534 purchase vicki takes widely over cost between minor who assumed contrast department logos exists her guarantee staff colours shield heiress them
{I7E9-J0XH77JE-0925GDDZ},11/02/2010 02:52:19,AAM0658,PC-9923,0QAQNM31.doc,D0-CF-11-E0-A1-B1-1A-E1 police them who form vicki years required means later authority twelve police into department britain bodies inconsistent brief recently sometimes encircle council yukon has minister limited beginning whether children with notable trade which especially rediscovered term pat monarch under college basis began birds swords draws result
{Z2F9-E2FA97ZS-7744EFDW},11/02/2010 02:53:29,AAM0658,PC-9923,R9HFCEBQ.doc,D0-CF-11-E0-A1-B1-1A-E1 security fathers apply prime court france equality whether approximately were peter peoples trade fourth united during fled regarded limited directly half parliament crossed brunswick 1981 banners historic regions known latter minister due i addition rights hudsons victorian has parliament law created levels online formerly ontario crest woman extant
{I6N8-W3EI66CP-7801QFOK},11/02/2010 02:55:39,AAM0658,PC-9923,72565L9B.txt,4F-41-31-57 means insignia plain registered each years crossed alternating deemed is office 15 twelve known modern brunswick was normally sent notable widespread national patent experts whom when supreme at evidence within exceptions brothers 1671 like did was 1986 chief
{E7R2-S8KD04YQ-6422DUYJ},11/02/2010 02:56:05,AAM0658,PC-9923,0ZNCK99C.doc,D0-CF-11-E0-A1-B1-1A-E1 basis modern completion society twelve associated term into made ottawa inception all educational peter heirs practices peter rabl process purchase british leaves often does insignia online between mr religious own loyalist months concluded displays david
